timestamp_ms,datetime_utc,price_usd,volume_usd,market_cap_usd
1789164000000,2026-09-11 22:00:00,0.42511594138070025,30386461.07481745,221082681.99003723
1789167600000,2026-09-11 23:00:00,0.42921826780435324,30764623.120393116,223216107.81545836
1789171200000,2026-09-12 00:00:00,0.4379465337276956,31860794.907867987,227755265.84653
1789174800000,2026-09-12 01:00:00,0.43694133654085265,30845361.444659553,227394931.76842383
1789178400000,2026-09-12 02:00:00,0.4378413071328192,31820835.508649234,227863275.21583647
1789182000000,2026-09-12 03:00:00,0.43688930005266274,30784224.731388986,227367761.14810827
1789185600000,2026-09-12 04:00:00,0.43496607454517633,30646791.733879447,226366866.67468014
1789189200000,2026-09-12 05:00:00,0.434436216006234,30631646.36017974,226091113.69297192
1789192800000,2026-09-12 06:00:00,0.43444238655958545,30525222.76156101,226094323.78173277
1789196400000,2026-09-12 07:00:00,0.4355171298213876,30797237.664668515,226653644.4228701
1789200000000,2026-09-12 08:00:00,0.43501036257599357,29138107.25638183,226389909.40807062
1789203600000,2026-09-12 09:00:00,0.4363172264528403,29399207.20563206,227070013.24252275
1789207200000,2026-09-12 10:00:00,0.43834701418951905,29162562.548389256,228126334.30376694
1789210800000,2026-09-12 11:00:00,0.43956341572379526,29263032.791089483,228759378.88900465
1789214400000,2026-09-12 12:00:00,0.4413883376811801,29649495.531426903,229709106.8926122
1789218000000,2026-09-12 13:00:00,0.4389739665815423,27959100.900656104,228452607.20636886
1789221600000,2026-09-12 14:00:00,0.4384848235656038,25512850.632974412,228198040.42085043
1789225200000,2026-09-12 15:00:00,0.44081787538709694,24006572.52276507,229412209.34211305
1789228800000,2026-09-12 16:00:00,0.44253825117995044,21691829.993464697,230307521.8756461
1789232400000,2026-09-12 17:00:00,0.4495827479815698,21384738.358835023,233973629.78121445
1789236000000,2026-09-12 18:00:00,0.45428392760596514,22907505.98460908,236420161.84164503
1789239600000,2026-09-12 19:00:00,0.4474917245965666,21028207.55171499,232885286.1909137
1789243200000,2026-09-12 20:00:00,0.4415341165689113,21191401.865569834,229784782.06199926
1789246800000,2026-09-12 21:00:00,0.4403292017979469,20499525.95003169,229157712.87617183
1789250400000,2026-09-12 22:00:00,0.4392763799022603,19998497.563429598,228609787.99527988
1789254000000,2026-09-12 23:00:00,0.436241547792492,19464797.93782699,227030382.89925954
1789257600000,2026-09-13 00:00:00,0.43817791115873356,19059762.033188462,228038110.27893907
1789261200000,2026-09-13 01:00:00,0.43840602496357733,18459081.481362626,228319824.0793219
1789264800000,2026-09-13 02:00:00,0.43553320964518505,19076498.312571675,226823671.79104713
1789268400000,2026-09-13 03:00:00,0.43373310513519986,18537238.91369002,225886184.81595293
1789272000000,2026-09-13 04:00:00,0.4339189533228771,18310225.071932923,225982965.92097494
1789275600000,2026-09-13 05:00:00,0.43305400964973195,18573640.528666873,225532492.78512424
1789279200000,2026-09-13 06:00:00,0.4347775303944154,18379428.553572573,226430058.67978343
1789282800000,2026-09-13 07:00:00,0.43039145325302447,18645753.638842896,224145809.08675817
1789286400000,2026-09-13 08:00:00,0.4263822312074016,17701258.988778844,222057818.09895825
1789290000000,2026-09-13 09:00:00,0.4258838882309752,18562368.73787472,221798278.23200488
1789293600000,2026-09-13 10:00:00,0.42747094566178606,18329479.88209737,222624803.51676098
1789297200000,2026-09-13 11:00:00,0.4264268567940637,20121764.533654507,222081037.22767088
